vehicle_class,score_band,loan_type,ticket_bucket,base_size_scrub,avg_unique_users,avg_loans_opened,avg_amount_inr_cr,incidence_rate,avg_ticket_size_inr
No vehicle class,700-800,PL,0-50k,40937,1382.33,3006.25,2.6,0.073436,8639.0
No vehicle class,700-800,PL,50k-1L,40937,267.08,278.5,1.84,0.006803,66229.0
No vehicle class,700-800,PL,1L-2L,40937,196.75,201.67,2.68,0.004926,132655.0
No vehicle class,700-800,PL,2L-3L,40937,95.75,96.92,2.23,0.002367,230287.0
No vehicle class,700-800,PL,3L-4L,40937,62.33,62.67,2.05,0.001531,326791.0
No vehicle class,700-800,PL,4L-5L,40937,37.42,37.58,1.63,0.000918,433097.0
No vehicle class,700-800,PL,5L+,40937,182.17,189.92,20.34,0.004639,1071093.0
No vehicle class,700-800,GL,0-50k,40937,290.17,396.0,0.98,0.009673,24833.0
No vehicle class,700-800,GL,50k-1L,40937,174.92,221.0,1.56,0.005399,70638.0
No vehicle class,700-800,GL,1L-2L,40937,195.42,229.83,3.2,0.005614,139278.0
No vehicle class,700-800,GL,2L-3L,40937,95.58,109.42,2.59,0.002673,236942.0
No vehicle class,700-800,GL,3L-4L,40937,52.67,60.67,2.03,0.001482,335378.0
No vehicle class,700-800,GL,4L-5L,40937,28.67,32.67,1.45,0.000798,444288.0
No vehicle class,700-800,GL,5L+,40937,60.75,70.92,6.16,0.001732,869278.0
No vehicle class,700-800,BL,0-50k,40937,33.17,42.83,0.08,0.001046,17932.0
No vehicle class,700-800,BL,50k-1L,40937,17.17,17.58,0.11,0.00043,64070.0
No vehicle class,700-800,BL,1L-2L,40937,25.08,25.33,0.31,0.000619,121899.0
No vehicle class,700-800,BL,2L-3L,40937,11.58,11.67,0.27,0.000285,227475.0
No vehicle class,700-800,BL,3L-4L,40937,8.0,8.0,0.26,0.000195,319721.0
No vehicle class,700-800,BL,4L-5L,40937,4.0,4.0,0.17,9.8e-05,426740.0
No vehicle class,700-800,BL,5L+,40937,23.75,25.92,2.31,0.000633,892454.0
LMV,700-800,PL,0-50k,30550,571.92,1165.75,1.33,0.038159,11419.0
LMV,700-800,PL,50k-1L,30550,171.75,180.08,1.21,0.005895,67359.0
LMV,700-800,PL,1L-2L,30550,148.75,153.25,2.04,0.005016,132865.0
LMV,700-800,PL,2L-3L,30550,83.08,84.0,1.96,0.00275,233259.0
LMV,700-800,PL,3L-4L,30550,51.58,52.5,1.71,0.001718,326291.0
LMV,700-800,PL,4L-5L,30550,32.33,32.83,1.43,0.001075,434214.0
LMV,700-800,PL,5L+,30550,181.0,187.58,21.04,0.00614,1121701.0
LMV,700-800,GL,0-50k,30550,166.75,220.17,0.55,0.007207,24882.0
LMV,700-800,GL,50k-1L,30550,119.42,142.67,1.03,0.00467,71941.0
LMV,700-800,GL,1L-2L,30550,158.83,189.92,2.67,0.006217,140720.0
LMV,700-800,GL,2L-3L,30550,94.33,106.92,2.54,0.0035,237394.0
LMV,700-800,GL,3L-4L,30550,58.42,64.75,2.17,0.002119,334391.0
LMV,700-800,GL,4L-5L,30550,33.33,37.33,1.67,0.001222,446022.0
LMV,700-800,GL,5L+,30550,81.92,101.0,9.68,0.003306,958265.0
LMV,700-800,BL,0-50k,30550,18.08,20.83,0.04,0.000682,17817.0
LMV,700-800,BL,50k-1L,30550,12.25,12.58,0.08,0.000412,64388.0
LMV,700-800,BL,1L-2L,30550,14.83,15.08,0.19,0.000494,127649.0
LMV,700-800,BL,2L-3L,30550,9.25,9.67,0.22,0.000316,225556.0
LMV,700-800,BL,3L-4L,30550,7.83,7.92,0.25,0.000259,322062.0
LMV,700-800,BL,4L-5L,30550,4.25,4.25,0.19,0.000139,436509.0
LMV,700-800,BL,5L+,30550,32.83,37.58,3.85,0.00123,1023313.0
2WN,700-800,PL,0-50k,23079,759.42,1600.83,1.5,0.069363,9352.0
2WN,700-800,PL,50k-1L,23079,167.42,174.0,1.15,0.007539,66153.0
2WN,700-800,PL,1L-2L,23079,129.75,131.92,1.72,0.005716,130706.0
2WN,700-800,PL,2L-3L,23079,61.33,61.92,1.42,0.002683,229974.0
2WN,700-800,PL,3L-4L,23079,37.58,38.0,1.25,0.001647,327720.0
2WN,700-800,PL,4L-5L,23079,23.0,23.08,1.01,0.001,437737.0
2WN,700-800,PL,5L+,23079,91.83,96.5,9.33,0.004181,967044.0
2WN,700-800,GL,0-50k,23079,170.42,263.0,0.65,0.011396,24788.0
2WN,700-800,GL,50k-1L,23079,105.08,127.92,0.9,0.005543,70219.0
2WN,700-800,GL,1L-2L,23079,117.08,147.5,2.04,0.006391,138458.0
2WN,700-800,GL,2L-3L,23079,57.42,63.58,1.52,0.002755,238365.0
2WN,700-800,GL,3L-4L,23079,26.42,29.92,1.0,0.001296,333301.0
2WN,700-800,GL,4L-5L,23079,15.33,16.5,0.73,0.000715,442437.0
2WN,700-800,GL,5L+,23079,28.0,32.17,2.8,0.001394,871167.0
2WN,700-800,BL,0-50k,23079,15.92,17.83,0.04,0.000773,19747.0
2WN,700-800,BL,50k-1L,23079,12.42,12.5,0.08,0.000542,64229.0
2WN,700-800,BL,1L-2L,23079,13.58,13.58,0.17,0.000589,122759.0
2WN,700-800,BL,2L-3L,23079,7.33,7.42,0.16,0.000321,216634.0
2WN,700-800,BL,3L-4L,23079,5.75,6.08,0.19,0.000264,320320.0
2WN,700-800,BL,4L-5L,23079,2.7,2.7,0.12,0.000117,430824.0
2WN,700-800,BL,5L+,23079,13.75,14.83,1.29,0.000643,872593.0
No vehicle class,800+,PL,0-50k,14272,18.17,26.17,0.03,0.001833,10593.0
No vehicle class,800+,PL,50k-1L,14272,5.42,5.5,0.04,0.000385,65972.0
No vehicle class,800+,PL,1L-2L,14272,8.75,8.75,0.11,0.000613,130571.0
No vehicle class,800+,PL,2L-3L,14272,7.83,7.92,0.18,0.000555,226274.0
No vehicle class,800+,PL,3L-4L,14272,4.5,4.5,0.15,0.000315,330430.0
No vehicle class,800+,PL,4L-5L,14272,3.58,3.58,0.16,0.000251,437709.0
No vehicle class,800+,PL,5L+,14272,20.0,20.75,2.32,0.001454,1117184.0
No vehicle class,800+,GL,0-50k,14272,21.25,43.08,0.11,0.003019,24757.0
No vehicle class,800+,GL,50k-1L,14272,15.67,19.83,0.14,0.00139,69208.0
No vehicle class,800+,GL,1L-2L,14272,17.25,26.58,0.36,0.001863,135407.0
No vehicle class,800+,GL,2L-3L,14272,8.92,9.67,0.23,0.000677,235188.0
No vehicle class,800+,GL,3L-4L,14272,5.0,5.17,0.17,0.000362,328226.0
No vehicle class,800+,GL,4L-5L,14272,2.67,2.67,0.12,0.000187,437435.0
No vehicle class,800+,GL,5L+,14272,4.55,4.73,0.38,0.000331,797864.0
No vehicle class,800+,BL,0-50k,14272,1.0,1.0,0.0,7e-05,13000.0
No vehicle class,800+,BL,50k-1L,14272,1.0,1.0,0.01,7e-05,62500.0
No vehicle class,800+,BL,1L-2L,14272,1.0,1.0,0.01,7e-05,100000.0
No vehicle class,800+,BL,2L-3L,14272,0,0,0.0,0.0,0.0
No vehicle class,800+,BL,3L-4L,14272,1.0,1.0,0.03,7e-05,300000.0
No vehicle class,800+,BL,4L-5L,14272,0,0,0.0,0.0,0.0
No vehicle class,800+,BL,5L+,14272,1.0,1.0,0.05,7e-05,510000.0
LMV,800+,PL,0-50k,12480,8.58,16.67,0.02,0.001335,9877.0
LMV,800+,PL,50k-1L,12480,4.0,4.09,0.03,0.000328,67293.0
LMV,800+,PL,1L-2L,12480,6.92,7.0,0.09,0.000561,131782.0
LMV,800+,PL,2L-3L,12480,4.08,4.17,0.09,0.000334,225473.0
LMV,800+,PL,3L-4L,12480,3.25,3.42,0.11,0.000274,333679.0
LMV,800+,PL,4L-5L,12480,2.67,2.67,0.12,0.000214,431901.0
LMV,800+,PL,5L+,12480,16.25,16.75,1.93,0.001342,1151461.0
LMV,800+,GL,0-50k,12480,6.58,9.08,0.02,0.000728,18169.0
LMV,800+,GL,50k-1L,12480,5.33,6.58,0.05,0.000528,70553.0
LMV,800+,GL,1L-2L,12480,9.42,15.58,0.23,0.001249,147472.0
LMV,800+,GL,2L-3L,12480,4.5,5.5,0.13,0.000441,236857.0
LMV,800+,GL,3L-4L,12480,2.75,3.92,0.13,0.000314,330680.0
LMV,800+,GL,4L-5L,12480,2.44,2.89,0.13,0.000231,460338.0
LMV,800+,GL,5L+,12480,3.36,5.36,0.43,0.00043,807962.0
LMV,800+,BL,0-50k,12480,0,0,0.0,0.0,0.0
LMV,800+,BL,50k-1L,12480,0,0,0.0,0.0,0.0
LMV,800+,BL,1L-2L,12480,1.0,1.0,0.01,8e-05,100000.0
LMV,800+,BL,2L-3L,12480,1.0,1.0,0.03,8e-05,250000.0
LMV,800+,BL,3L-4L,12480,0,0,0.0,0.0,0.0
LMV,800+,BL,4L-5L,12480,0,0,0.0,0.0,0.0
LMV,800+,BL,5L+,12480,1.0,1.0,0.08,8e-05,825333.0
No vehicle class,600-700,PL,0-50k,9827,809.67,2025.58,1.46,0.206124,7220.0
No vehicle class,600-700,PL,50k-1L,9827,79.5,86.83,0.56,0.008836,64463.0
No vehicle class,600-700,PL,1L-2L,9827,45.0,46.42,0.61,0.004723,131512.0
No vehicle class,600-700,PL,2L-3L,9827,19.0,19.33,0.45,0.001967,230705.0
No vehicle class,600-700,PL,3L-4L,9827,11.0,11.33,0.37,0.001153,325891.0
No vehicle class,600-700,PL,4L-5L,9827,5.75,5.92,0.26,0.000602,437989.0
No vehicle class,600-700,PL,5L+,9827,26.17,28.0,2.77,0.002849,989922.0
No vehicle class,600-700,GL,0-50k,9827,174.08,244.25,0.59,0.024855,24321.0
No vehicle class,600-700,GL,50k-1L,9827,93.83,114.5,0.8,0.011652,70262.0
No vehicle class,600-700,GL,1L-2L,9827,91.42,113.0,1.59,0.011499,141143.0
No vehicle class,600-700,GL,2L-3L,9827,45.42,52.33,1.25,0.005325,239354.0
No vehicle class,600-700,GL,3L-4L,9827,22.83,25.83,0.87,0.002629,338431.0
No vehicle class,600-700,GL,4L-5L,9827,11.83,13.67,0.61,0.001391,446618.0
No vehicle class,600-700,GL,5L+,9827,26.25,30.25,2.84,0.003078,937248.0
No vehicle class,600-700,BL,0-50k,9827,21.0,24.67,0.04,0.00251,16396.0
No vehicle class,600-700,BL,50k-1L,9827,10.33,10.83,0.07,0.001102,61440.0
No vehicle class,600-700,BL,1L-2L,9827,11.08,11.17,0.14,0.001136,123662.0
No vehicle class,600-700,BL,2L-3L,9827,4.0,4.0,0.09,0.000407,226391.0
No vehicle class,600-700,BL,3L-4L,9827,3.75,3.75,0.12,0.000382,315088.0
No vehicle class,600-700,BL,4L-5L,9827,2.0,2.0,0.09,0.000204,436793.0
No vehicle class,600-700,BL,5L+,9827,7.92,8.33,0.77,0.000848,924371.0
No vehicle class,500-600,PL,0-50k,8555,533.33,1518.58,0.84,0.177508,5560.0
No vehicle class,500-600,PL,50k-1L,8555,28.17,32.83,0.21,0.003838,65319.0
No vehicle class,500-600,PL,1L-2L,8555,13.08,13.58,0.17,0.001588,126353.0
No vehicle class,500-600,PL,2L-3L,8555,5.58,5.92,0.13,0.000692,224466.0
No vehicle class,500-600,PL,3L-4L,8555,3.45,3.45,0.11,0.000404,319370.0
No vehicle class,500-600,PL,4L-5L,8555,2.78,2.78,0.12,0.000325,428573.0
No vehicle class,500-600,PL,5L+,8555,8.25,8.5,0.92,0.000994,1081880.0
No vehicle class,500-600,GL,0-50k,8555,175.58,280.42,0.67,0.032778,23957.0
No vehicle class,500-600,GL,50k-1L,8555,75.25,98.5,0.7,0.011514,70573.0
No vehicle class,500-600,GL,1L-2L,8555,67.67,94.75,1.32,0.011075,138818.0
No vehicle class,500-600,GL,2L-3L,8555,29.08,37.42,0.9,0.004374,239413.0
No vehicle class,500-600,GL,3L-4L,8555,14.25,18.17,0.62,0.002124,342691.0
No vehicle class,500-600,GL,4L-5L,8555,7.33,7.92,0.35,0.000925,448081.0
No vehicle class,500-600,GL,5L+,8555,18.83,22.33,1.93,0.002611,864423.0
No vehicle class,500-600,BL,0-50k,8555,6.58,7.0,0.01,0.000818,17184.0
No vehicle class,500-600,BL,50k-1L,8555,3.83,4.25,0.02,0.000497,56182.0
No vehicle class,500-600,BL,1L-2L,8555,3.36,3.55,0.04,0.000414,119662.0
No vehicle class,500-600,BL,2L-3L,8555,2.43,2.43,0.05,0.000284,214476.0
No vehicle class,500-600,BL,3L-4L,8555,1.5,1.5,0.05,0.000175,312735.0
No vehicle class,500-600,BL,4L-5L,8555,1.6,1.6,0.07,0.000187,436376.0
No vehicle class,500-600,BL,5L+,8555,2.43,2.57,0.25,0.000301,963984.0
2WN,800+,PL,0-50k,6826,9.42,14.75,0.02,0.002161,12148.0
2WN,800+,PL,50k-1L,6826,3.75,3.83,0.02,0.000562,64223.0
2WN,800+,PL,1L-2L,6826,5.09,5.18,0.07,0.000759,133673.0
2WN,800+,PL,2L-3L,6826,3.67,3.67,0.08,0.000537,229633.0
2WN,800+,PL,3L-4L,6826,2.25,2.25,0.07,0.00033,321811.0
2WN,800+,PL,4L-5L,6826,2.33,2.33,0.1,0.000342,414543.0
2WN,800+,PL,5L+,6826,9.92,10.25,1.09,0.001502,1067399.0
2WN,800+,GL,0-50k,6826,7.83,8.5,0.02,0.001245,22948.0
2WN,800+,GL,50k-1L,6826,5.92,6.5,0.05,0.000952,70094.0
2WN,800+,GL,1L-2L,6826,7.17,8.17,0.11,0.001196,139291.0
2WN,800+,GL,2L-3L,6826,2.91,3.18,0.08,0.000466,236797.0
2WN,800+,GL,3L-4L,6826,3.11,3.11,0.1,0.000456,320781.0
2WN,800+,GL,4L-5L,6826,2.09,2.09,0.09,0.000306,436747.0
2WN,800+,GL,5L+,6826,1.91,2.18,0.16,0.00032,732312.0
2WN,800+,BL,0-50k,6826,1.0,1.0,0.0,0.000146,17500.0
2WN,800+,BL,50k-1L,6826,1.0,1.0,0.01,0.000146,75000.0
2WN,800+,BL,1L-2L,6826,1.0,1.0,0.02,0.000146,150729.0
2WN,800+,BL,2L-3L,6826,1.0,1.0,0.02,0.000146,200000.0
2WN,800+,BL,3L-4L,6826,1.0,1.0,0.03,0.000146,340000.0
2WN,800+,BL,4L-5L,6826,0,0,0.0,0.0,0.0
2WN,800+,BL,5L+,6826,1.0,1.0,0.08,0.000146,797500.0
No vehicle class,<500,PL,0-50k,6307,206.5,501.25,0.24,0.079475,4799.0
No vehicle class,<500,PL,50k-1L,6307,5.25,5.67,0.04,0.000898,62937.0
No vehicle class,<500,PL,1L-2L,6307,2.5,2.5,0.03,0.000396,133753.0
No vehicle class,<500,PL,2L-3L,6307,1.22,1.22,0.03,0.000194,221754.0
No vehicle class,<500,PL,3L-4L,6307,1.0,1.0,0.03,0.000159,314911.0
No vehicle class,<500,PL,4L-5L,6307,1.0,1.0,0.04,0.000159,442000.0
No vehicle class,<500,PL,5L+,6307,2.1,2.2,0.26,0.000349,1201352.0
No vehicle class,<500,GL,0-50k,6307,106.58,188.33,0.43,0.029861,22869.0
No vehicle class,<500,GL,50k-1L,6307,39.58,59.92,0.42,0.0095,70808.0
No vehicle class,<500,GL,1L-2L,6307,35.42,59.08,0.81,0.009368,136862.0
No vehicle class,<500,GL,2L-3L,6307,12.83,18.58,0.44,0.002946,238029.0
No vehicle class,<500,GL,3L-4L,6307,5.83,6.5,0.22,0.001031,341200.0
No vehicle class,<500,GL,4L-5L,6307,3.17,3.92,0.17,0.000621,445442.0
No vehicle class,<500,GL,5L+,6307,8.0,10.33,1.15,0.001638,1108098.0
No vehicle class,<500,BL,0-50k,6307,2.11,2.11,0.0,0.000335,18379.0
No vehicle class,<500,BL,50k-1L,6307,1.4,1.4,0.01,0.000222,52857.0
No vehicle class,<500,BL,1L-2L,6307,1.14,1.14,0.01,0.000181,127606.0
No vehicle class,<500,BL,2L-3L,6307,1.0,1.0,0.03,0.000159,250000.0
No vehicle class,<500,BL,3L-4L,6307,1.0,1.0,0.03,0.000159,300000.0
No vehicle class,<500,BL,4L-5L,6307,0,0,0.0,0.0,0.0
No vehicle class,<500,BL,5L+,6307,1.0,1.0,0.06,0.000159,560000.0
LMV,600-700,PL,0-50k,6241,346.58,872.17,0.76,0.139748,8750.0
LMV,600-700,PL,50k-1L,6241,52.17,57.25,0.38,0.009173,65836.0
LMV,600-700,PL,1L-2L,6241,35.58,36.83,0.48,0.005902,129213.0
LMV,600-700,PL,2L-3L,6241,14.42,14.58,0.34,0.002337,230194.0
LMV,600-700,PL,3L-4L,6241,9.25,9.5,0.31,0.001522,325291.0
LMV,600-700,PL,4L-5L,6241,5.45,5.55,0.24,0.000889,428359.0
LMV,600-700,PL,5L+,6241,20.17,21.67,2.25,0.003472,1036907.0
LMV,600-700,GL,0-50k,6241,114.58,188.83,0.47,0.030257,24754.0
LMV,600-700,GL,50k-1L,6241,72.58,106.17,0.76,0.017011,71192.0
LMV,600-700,GL,1L-2L,6241,80.75,105.67,1.45,0.016931,137556.0
LMV,600-700,GL,2L-3L,6241,43.17,48.75,1.17,0.007811,239897.0
LMV,600-700,GL,3L-4L,6241,21.67,23.83,0.81,0.003819,338047.0
LMV,600-700,GL,4L-5L,6241,12.67,13.58,0.6,0.002176,443987.0
LMV,600-700,GL,5L+,6241,33.25,44.0,4.26,0.00705,968967.0
LMV,600-700,BL,0-50k,6241,11.25,13.5,0.02,0.002163,16394.0
LMV,600-700,BL,50k-1L,6241,6.09,6.18,0.04,0.000991,61950.0
LMV,600-700,BL,1L-2L,6241,5.08,5.25,0.07,0.000841,132908.0
LMV,600-700,BL,2L-3L,6241,3.27,3.36,0.07,0.000539,220369.0
LMV,600-700,BL,3L-4L,6241,2.38,2.38,0.07,0.000381,312445.0
LMV,600-700,BL,4L-5L,6241,1.82,1.91,0.08,0.000306,428189.0
LMV,600-700,BL,5L+,6241,9.83,11.5,1.04,0.001843,905016.0
2WN,600-700,PL,0-50k,5345,435.25,1095.83,0.84,0.20502,7622.0
2WN,600-700,PL,50k-1L,5345,50.08,53.08,0.34,0.009931,64029.0
2WN,600-700,PL,1L-2L,5345,27.08,28.0,0.36,0.005239,129781.0
2WN,600-700,PL,2L-3L,5345,11.0,11.25,0.26,0.002105,232832.0
2WN,600-700,PL,3L-4L,5345,6.25,6.25,0.2,0.001169,324629.0
2WN,600-700,PL,4L-5L,5345,2.82,2.82,0.12,0.000527,427758.0
2WN,600-700,PL,5L+,5345,12.92,13.08,1.2,0.002448,919343.0
2WN,600-700,GL,0-50k,5345,98.42,137.5,0.34,0.025725,24468.0
2WN,600-700,GL,50k-1L,5345,53.92,64.58,0.45,0.012083,69962.0
2WN,600-700,GL,1L-2L,5345,53.92,62.25,0.85,0.011646,137246.0
2WN,600-700,GL,2L-3L,5345,20.58,24.08,0.58,0.004506,239192.0
2WN,600-700,GL,3L-4L,5345,12.25,15.75,0.53,0.002947,339487.0
2WN,600-700,GL,4L-5L,5345,5.67,6.0,0.26,0.001123,439077.0
2WN,600-700,GL,5L+,5345,13.5,16.33,1.33,0.003056,812429.0
2WN,600-700,BL,0-50k,5345,9.83,10.08,0.02,0.001886,17276.0
2WN,600-700,BL,50k-1L,5345,5.08,5.17,0.03,0.000967,64227.0
2WN,600-700,BL,1L-2L,5345,6.45,6.55,0.08,0.001225,119905.0
2WN,600-700,BL,2L-3L,5345,2.75,2.92,0.06,0.000546,208770.0
2WN,600-700,BL,3L-4L,5345,2.25,2.25,0.07,0.000421,312259.0
2WN,600-700,BL,4L-5L,5345,2.17,2.17,0.1,0.000405,441906.0
2WN,600-700,BL,5L+,5345,4.17,4.75,0.42,0.000889,884716.0
2WN,500-600,PL,0-50k,4082,216.92,581.25,0.34,0.142393,5813.0
2WN,500-600,PL,50k-1L,4082,15.08,15.75,0.1,0.003858,65465.0
2WN,500-600,PL,1L-2L,4082,7.83,8.0,0.1,0.00196,125941.0
2WN,500-600,PL,2L-3L,4082,2.5,2.6,0.06,0.000637,232066.0
2WN,500-600,PL,3L-4L,4082,1.89,1.89,0.06,0.000463,335756.0
2WN,500-600,PL,4L-5L,4082,1.33,1.33,0.06,0.000327,439426.0
2WN,500-600,PL,5L+,4082,2.58,3.0,0.27,0.000735,910063.0
2WN,500-600,GL,0-50k,4082,89.58,130.08,0.31,0.031868,24007.0
2WN,500-600,GL,50k-1L,4082,41.67,66.83,0.48,0.016373,71117.0
2WN,500-600,GL,1L-2L,4082,34.5,48.75,0.66,0.011943,135224.0
2WN,500-600,GL,2L-3L,4082,12.67,14.33,0.34,0.003511,239779.0
2WN,500-600,GL,3L-4L,4082,6.08,6.75,0.23,0.001654,341220.0
2WN,500-600,GL,4L-5L,4082,3.83,4.42,0.19,0.001082,438077.0
2WN,500-600,GL,5L+,4082,6.0,7.0,0.62,0.001715,889473.0
2WN,500-600,BL,0-50k,4082,4.0,4.25,0.01,0.001041,14175.0
2WN,500-600,BL,50k-1L,4082,2.22,2.22,0.01,0.000544,59362.0
2WN,500-600,BL,1L-2L,4082,2.62,2.62,0.03,0.000643,124286.0
2WN,500-600,BL,2L-3L,4082,1.8,1.8,0.04,0.000441,217444.0
2WN,500-600,BL,3L-4L,4082,1.2,1.2,0.04,0.000294,311667.0
2WN,500-600,BL,4L-5L,4082,1.0,1.0,0.04,0.000245,415000.0
2WN,500-600,BL,5L+,4082,1.67,1.67,0.15,0.000408,897277.0
LMV,500-600,PL,0-50k,3682,164.83,419.5,0.31,0.113933,7500.0
LMV,500-600,PL,50k-1L,3682,14.08,14.75,0.1,0.004006,66631.0
LMV,500-600,PL,1L-2L,3682,8.0,8.5,0.11,0.002309,125398.0
LMV,500-600,PL,2L-3L,3682,3.0,3.0,0.07,0.000815,223761.0
LMV,500-600,PL,3L-4L,3682,2.73,2.73,0.09,0.000741,324109.0
LMV,500-600,PL,4L-5L,3682,1.5,1.83,0.08,0.000498,431899.0
LMV,500-600,PL,5L+,3682,4.08,4.17,0.49,0.001132,1169700.0
LMV,500-600,GL,0-50k,3682,79.08,139.33,0.32,0.037842,23169.0
LMV,500-600,GL,50k-1L,3682,39.58,49.17,0.35,0.013353,71662.0
LMV,500-600,GL,1L-2L,3682,41.25,52.5,0.73,0.014259,138254.0
LMV,500-600,GL,2L-3L,3682,18.92,22.17,0.53,0.00602,239626.0
LMV,500-600,GL,3L-4L,3682,10.75,11.92,0.41,0.003236,340860.0
LMV,500-600,GL,4L-5L,3682,6.67,7.58,0.34,0.00206,442269.0
LMV,500-600,GL,5L+,3682,16.08,22.83,2.88,0.006201,1261064.0
LMV,500-600,BL,0-50k,3682,3.82,4.09,0.01,0.001111,18043.0
LMV,500-600,BL,50k-1L,3682,1.71,1.71,0.01,0.000466,59083.0
LMV,500-600,BL,1L-2L,3682,1.71,1.71,0.02,0.000466,123734.0
LMV,500-600,BL,2L-3L,3682,2.0,2.0,0.05,0.000543,234375.0
LMV,500-600,BL,3L-4L,3682,1.33,1.33,0.04,0.000362,321250.0
LMV,500-600,BL,4L-5L,3682,1.0,1.0,0.04,0.000272,446000.0
LMV,500-600,BL,5L+,3682,2.3,2.9,0.33,0.000788,1126667.0
No vehicle class,No score,PL,0-50k,2368,2.0,2.0,0.0,0.000845,21050.0
No vehicle class,No score,PL,50k-1L,2368,0,0,0.0,0.0,0.0
No vehicle class,No score,PL,1L-2L,2368,0,0,0.0,0.0,0.0
No vehicle class,No score,PL,2L-3L,2368,0,0,0.0,0.0,0.0
No vehicle class,No score,PL,3L-4L,2368,0,0,0.0,0.0,0.0
No vehicle class,No score,PL,4L-5L,2368,0,0,0.0,0.0,0.0
No vehicle class,No score,PL,5L+,2368,1.5,1.5,0.17,0.000633,1166433.0
No vehicle class,No score,GL,0-50k,2368,2.0,2.0,0.0,0.000845,10000.0
No vehicle class,No score,GL,50k-1L,2368,0,0,0.0,0.0,0.0
No vehicle class,No score,GL,1L-2L,2368,1.0,1.0,0.01,0.000422,106395.0
No vehicle class,No score,GL,2L-3L,2368,0,0,0.0,0.0,0.0
No vehicle class,No score,GL,3L-4L,2368,0,0,0.0,0.0,0.0
No vehicle class,No score,GL,4L-5L,2368,0,0,0.0,0.0,0.0
No vehicle class,No score,GL,5L+,2368,1.0,1.0,0.17,0.000422,1700000.0
No vehicle class,No score,BL,0-50k,2368,0,0,0.0,0.0,0.0
No vehicle class,No score,BL,50k-1L,2368,0,0,0.0,0.0,0.0
No vehicle class,No score,BL,1L-2L,2368,1.0,1.0,0.01,0.000422,100000.0
No vehicle class,No score,BL,2L-3L,2368,0,0,0.0,0.0,0.0
No vehicle class,No score,BL,3L-4L,2368,0,0,0.0,0.0,0.0
No vehicle class,No score,BL,4L-5L,2368,1.0,1.0,0.05,0.000422,486000.0
No vehicle class,No score,BL,5L+,2368,0,0,0.0,0.0,0.0
2WN,<500,PL,0-50k,2327,82.33,209.08,0.11,0.089851,5125.0
2WN,<500,PL,50k-1L,2327,3.42,3.58,0.02,0.00154,63875.0
2WN,<500,PL,1L-2L,2327,1.73,1.82,0.02,0.000781,121543.0
2WN,<500,PL,2L-3L,2327,1.0,1.0,0.02,0.00043,233199.0
2WN,<500,PL,3L-4L,2327,1.0,1.0,0.04,0.00043,354417.0
2WN,<500,PL,4L-5L,2327,1.0,1.0,0.04,0.00043,426738.0
2WN,<500,PL,5L+,2327,1.67,1.67,0.29,0.000716,1710605.0
2WN,<500,GL,0-50k,2327,35.75,53.42,0.11,0.022955,21230.0
2WN,<500,GL,50k-1L,2327,14.08,16.58,0.12,0.007126,70008.0
2WN,<500,GL,1L-2L,2327,14.25,16.42,0.23,0.007055,139584.0
2WN,<500,GL,2L-3L,2327,5.17,5.58,0.14,0.002399,244181.0
2WN,<500,GL,3L-4L,2327,2.83,2.92,0.1,0.001253,339512.0
2WN,<500,GL,4L-5L,2327,1.33,1.33,0.06,0.000573,463000.0
2WN,<500,GL,5L+,2327,3.55,6.82,0.64,0.00293,934386.0
2WN,<500,BL,0-50k,2327,1.17,1.17,0.0,0.000501,29857.0
2WN,<500,BL,50k-1L,2327,1.0,1.25,0.01,0.000537,63400.0
2WN,<500,BL,1L-2L,2327,1.0,1.0,0.01,0.00043,150000.0
2WN,<500,BL,2L-3L,2327,1.0,1.0,0.02,0.00043,200000.0
2WN,<500,BL,3L-4L,2327,1.0,1.0,0.03,0.00043,300000.0
2WN,<500,BL,4L-5L,2327,0,0,0.0,0.0,0.0
2WN,<500,BL,5L+,2327,1.0,1.0,0.11,0.00043,1117934.0
LMV,<500,PL,0-50k,1879,60.58,146.25,0.1,0.077834,6648.0
LMV,<500,PL,50k-1L,1879,3.58,4.33,0.03,0.002306,67591.0
LMV,<500,PL,1L-2L,1879,1.9,2.4,0.03,0.001277,138185.0
LMV,<500,PL,2L-3L,1879,1.62,2.25,0.05,0.001197,242412.0
LMV,<500,PL,3L-4L,1879,1.67,2.33,0.08,0.001242,321873.0
LMV,<500,PL,4L-5L,1879,1.0,1.0,0.04,0.000532,400000.0
LMV,<500,PL,5L+,1879,1.0,1.0,0.09,0.000532,949597.0
LMV,<500,GL,0-50k,1879,42.5,76.0,0.18,0.040447,23539.0
LMV,<500,GL,50k-1L,1879,17.67,26.83,0.19,0.014281,69646.0
LMV,<500,GL,1L-2L,1879,16.17,22.92,0.33,0.012196,142645.0
LMV,<500,GL,2L-3L,1879,8.67,11.0,0.26,0.005854,237746.0
LMV,<500,GL,3L-4L,1879,4.17,4.42,0.15,0.002351,342554.0
LMV,<500,GL,4L-5L,1879,3.3,4.2,0.19,0.002235,445144.0
LMV,<500,GL,5L+,1879,6.0,8.33,1.02,0.004435,1218866.0
LMV,<500,BL,0-50k,1879,1.33,1.33,0.0,0.00071,30500.0
LMV,<500,BL,50k-1L,1879,1.0,1.5,0.01,0.000798,58333.0
LMV,<500,BL,1L-2L,1879,1.0,1.0,0.01,0.000532,122250.0
LMV,<500,BL,2L-3L,1879,0,0,0.0,0.0,0.0
LMV,<500,BL,3L-4L,1879,1.0,1.0,0.03,0.000532,300000.0
LMV,<500,BL,4L-5L,1879,1.0,1.0,0.05,0.000532,499000.0
LMV,<500,BL,5L+,1879,1.2,1.2,0.12,0.000639,969867.0
LGV,700-800,PL,0-50k,1167,19.25,31.0,0.04,0.026564,12714.0
LGV,700-800,PL,50k-1L,1167,5.58,5.75,0.04,0.004927,65700.0
LGV,700-800,PL,1L-2L,1167,3.5,3.67,0.05,0.003142,130736.0
LGV,700-800,PL,2L-3L,1167,2.44,2.44,0.06,0.002095,227339.0
LGV,700-800,PL,3L-4L,1167,2.25,2.25,0.07,0.001928,326441.0
LGV,700-800,PL,4L-5L,1167,1.43,1.43,0.06,0.001224,443278.0
LGV,700-800,PL,5L+,1167,2.1,2.1,0.15,0.001799,693015.0
LGV,700-800,GL,0-50k,1167,6.67,7.5,0.02,0.006427,24489.0
LGV,700-800,GL,50k-1L,1167,6.08,6.58,0.05,0.005641,70151.0
LGV,700-800,GL,1L-2L,1167,5.83,6.5,0.09,0.00557,131171.0
LGV,700-800,GL,2L-3L,1167,3.42,3.42,0.08,0.002928,234100.0
LGV,700-800,GL,3L-4L,1167,2.36,3.36,0.11,0.002882,332643.0
LGV,700-800,GL,4L-5L,1167,1.57,1.71,0.08,0.001469,444996.0
LGV,700-800,GL,5L+,1167,1.92,1.92,0.16,0.001642,841370.0
LGV,700-800,BL,0-50k,1167,1.8,1.8,0.0,0.001542,19200.0
LGV,700-800,BL,50k-1L,1167,1.25,1.25,0.01,0.001071,63000.0
LGV,700-800,BL,1L-2L,1167,1.5,1.5,0.02,0.001285,117000.0
LGV,700-800,BL,2L-3L,1167,1.14,1.14,0.03,0.000979,223006.0
LGV,700-800,BL,3L-4L,1167,1.12,1.12,0.04,0.000964,317889.0
LGV,700-800,BL,4L-5L,1167,1.0,1.0,0.05,0.000857,473000.0
LGV,700-800,BL,5L+,1167,1.75,1.83,0.18,0.001571,988239.0
2WN,No score,PL,0-50k,1007,0,0,0.0,0.0,0.0
2WN,No score,PL,50k-1L,1007,0,0,0.0,0.0,0.0
2WN,No score,PL,1L-2L,1007,0,0,0.0,0.0,0.0
2WN,No score,PL,2L-3L,1007,0,0,0.0,0.0,0.0
2WN,No score,PL,3L-4L,1007,0,0,0.0,0.0,0.0
2WN,No score,PL,4L-5L,1007,0,0,0.0,0.0,0.0
2WN,No score,PL,5L+,1007,0,0,0.0,0.0,0.0
2WN,No score,GL,0-50k,1007,0,0,0.0,0.0,0.0
2WN,No score,GL,50k-1L,1007,0,0,0.0,0.0,0.0
2WN,No score,GL,1L-2L,1007,1.0,1.0,0.02,0.000993,174000.0
2WN,No score,GL,2L-3L,1007,1.0,1.0,0.03,0.000993,290000.0
2WN,No score,GL,3L-4L,1007,0,0,0.0,0.0,0.0
2WN,No score,GL,4L-5L,1007,1.0,1.0,0.04,0.000993,420000.0
2WN,No score,GL,5L+,1007,1.0,1.0,0.08,0.000993,820000.0
2WN,No score,BL,0-50k,1007,0,0,0.0,0.0,0.0
2WN,No score,BL,50k-1L,1007,0,0,0.0,0.0,0.0
2WN,No score,BL,1L-2L,1007,0,0,0.0,0.0,0.0
2WN,No score,BL,2L-3L,1007,0,0,0.0,0.0,0.0
2WN,No score,BL,3L-4L,1007,0,0,0.0,0.0,0.0
2WN,No score,BL,4L-5L,1007,0,0,0.0,0.0,0.0
2WN,No score,BL,5L+,1007,0,0,0.0,0.0,0.0
LMV,No score,PL,0-50k,986,1.0,1.0,0.0,0.001014,30000.0
LMV,No score,PL,50k-1L,986,1.0,1.0,0.01,0.001014,52988.0
LMV,No score,PL,1L-2L,986,0,0,0.0,0.0,0.0
LMV,No score,PL,2L-3L,986,0,0,0.0,0.0,0.0
LMV,No score,PL,3L-4L,986,0,0,0.0,0.0,0.0
LMV,No score,PL,4L-5L,986,0,0,0.0,0.0,0.0
LMV,No score,PL,5L+,986,0,0,0.0,0.0,0.0
LMV,No score,GL,0-50k,986,1.0,1.0,0.0,0.001014,0.0
LMV,No score,GL,50k-1L,986,0,0,0.0,0.0,0.0
LMV,No score,GL,1L-2L,986,0,0,0.0,0.0,0.0
LMV,No score,GL,2L-3L,986,0,0,0.0,0.0,0.0
LMV,No score,GL,3L-4L,986,0,0,0.0,0.0,0.0
LMV,No score,GL,4L-5L,986,0,0,0.0,0.0,0.0
LMV,No score,GL,5L+,986,1.0,1.0,0.05,0.001014,510000.0
LMV,No score,BL,0-50k,986,0,0,0.0,0.0,0.0
LMV,No score,BL,50k-1L,986,0,0,0.0,0.0,0.0
LMV,No score,BL,1L-2L,986,0,0,0.0,0.0,0.0
LMV,No score,BL,2L-3L,986,0,0,0.0,0.0,0.0
LMV,No score,BL,3L-4L,986,0,0,0.0,0.0,0.0
LMV,No score,BL,4L-5L,986,0,0,0.0,0.0,0.0
LMV,No score,BL,5L+,986,1.0,2.0,0.3,0.002028,1500000.0
3WT,700-800,PL,0-50k,796,23.0,54.08,0.04,0.067944,7744.0
3WT,700-800,PL,50k-1L,796,5.58,5.83,0.04,0.007328,66417.0
3WT,700-800,PL,1L-2L,796,3.5,3.58,0.05,0.004502,131296.0
3WT,700-800,PL,2L-3L,796,2.38,2.38,0.05,0.002984,230425.0
3WT,700-800,PL,3L-4L,796,1.2,1.2,0.04,0.001508,343535.0
3WT,700-800,PL,4L-5L,796,1.2,1.2,0.05,0.001508,423299.0
3WT,700-800,PL,5L+,796,2.0,2.0,0.19,0.002513,971249.0
3WT,700-800,GL,0-50k,796,7.75,9.42,0.03,0.01183,26884.0
3WT,700-800,GL,50k-1L,796,4.58,5.0,0.03,0.006281,68648.0
3WT,700-800,GL,1L-2L,796,3.45,3.91,0.06,0.004911,143756.0
3WT,700-800,GL,2L-3L,796,1.71,1.71,0.04,0.002154,226050.0
3WT,700-800,GL,3L-4L,796,1.33,1.33,0.05,0.001675,342801.0
3WT,700-800,GL,4L-5L,796,1.0,1.0,0.04,0.001256,410000.0
3WT,700-800,GL,5L+,796,1.14,1.71,0.14,0.002154,818712.0
3WT,700-800,BL,0-50k,796,1.67,2.0,0.0,0.002513,22208.0
3WT,700-800,BL,50k-1L,796,2.25,2.25,0.01,0.002827,60333.0
3WT,700-800,BL,1L-2L,796,1.33,1.33,0.01,0.001675,105000.0
3WT,700-800,BL,2L-3L,796,1.0,1.0,0.02,0.001256,200000.0
3WT,700-800,BL,3L-4L,796,1.0,1.0,0.03,0.001256,328250.0
3WT,700-800,BL,4L-5L,796,1.0,1.0,0.05,0.001256,453000.0
3WT,700-800,BL,5L+,796,1.25,1.25,0.12,0.00157,931217.0
LPV,700-800,PL,0-50k,736,34.92,73.17,0.07,0.099411,9729.0
LPV,700-800,PL,50k-1L,736,6.33,6.42,0.04,0.008718,64950.0
LPV,700-800,PL,1L-2L,736,5.33,5.58,0.07,0.007586,127492.0
LPV,700-800,PL,2L-3L,736,1.67,1.67,0.04,0.002264,223590.0
LPV,700-800,PL,3L-4L,736,1.67,1.67,0.05,0.002264,322158.0
LPV,700-800,PL,4L-5L,736,1.17,1.17,0.05,0.001585,408577.0
LPV,700-800,PL,5L+,736,1.78,1.78,0.18,0.002415,985927.0
LPV,700-800,GL,0-50k,736,7.67,8.83,0.02,0.012002,26475.0
LPV,700-800,GL,50k-1L,736,4.92,5.17,0.04,0.00702,71141.0
LPV,700-800,GL,1L-2L,736,4.75,5.0,0.07,0.006793,139578.0
LPV,700-800,GL,2L-3L,736,2.67,2.83,0.07,0.00385,232788.0
LPV,700-800,GL,3L-4L,736,1.57,1.57,0.05,0.002135,347690.0
LPV,700-800,GL,4L-5L,736,1.0,1.0,0.04,0.001359,429600.0
LPV,700-800,GL,5L+,736,1.4,1.4,0.16,0.001902,1166471.0
LPV,700-800,BL,0-50k,736,1.0,1.0,0.0,0.001359,16788.0
LPV,700-800,BL,50k-1L,736,1.0,1.0,0.01,0.001359,63900.0
LPV,700-800,BL,1L-2L,736,1.0,1.0,0.01,0.001359,124500.0
LPV,700-800,BL,2L-3L,736,0,0,0.0,0.0,0.0
LPV,700-800,BL,3L-4L,736,1.0,1.0,0.04,0.001359,354803.0
LPV,700-800,BL,4L-5L,736,0,0,0.0,0.0,0.0
LPV,700-800,BL,5L+,736,1.5,1.5,0.1,0.002038,655528.0
LGV,600-700,PL,0-50k,502,20.5,46.0,0.04,0.091633,7731.0
LGV,600-700,PL,50k-1L,502,2.67,2.92,0.02,0.00581,68303.0
LGV,600-700,PL,1L-2L,502,1.9,2.0,0.02,0.003984,123824.0
LGV,600-700,PL,2L-3L,502,1.0,1.0,0.02,0.001992,213258.0
LGV,600-700,PL,3L-4L,502,1.0,1.0,0.04,0.001992,352672.0
LGV,600-700,PL,4L-5L,502,1.0,1.0,0.05,0.001992,466789.0
LGV,600-700,PL,5L+,502,1.0,1.0,0.07,0.001992,663145.0
LGV,600-700,GL,0-50k,502,7.83,13.83,0.03,0.027556,23299.0
LGV,600-700,GL,50k-1L,502,4.58,4.92,0.04,0.009794,72980.0
LGV,600-700,GL,1L-2L,502,5.25,5.83,0.08,0.01162,137544.0
LGV,600-700,GL,2L-3L,502,2.0,2.0,0.05,0.003984,244169.0
LGV,600-700,GL,3L-4L,502,1.86,1.86,0.06,0.003699,340231.0
LGV,600-700,GL,4L-5L,502,1.29,1.43,0.06,0.002846,450019.0
LGV,600-700,GL,5L+,502,2.09,2.82,0.32,0.005614,1122002.0
LGV,600-700,BL,0-50k,502,1.8,2.0,0.0,0.003984,20131.0
LGV,600-700,BL,50k-1L,502,1.25,1.25,0.01,0.00249,58600.0
LGV,600-700,BL,1L-2L,502,1.17,1.17,0.02,0.002324,147163.0
LGV,600-700,BL,2L-3L,502,1.2,1.2,0.03,0.00239,208333.0
LGV,600-700,BL,3L-4L,502,1.33,1.33,0.04,0.002656,318000.0
LGV,600-700,BL,4L-5L,502,1.0,1.0,0.04,0.001992,450000.0
LGV,600-700,BL,5L+,502,1.0,1.0,0.13,0.001992,1266194.0
LPV,600-700,PL,0-50k,282,22.08,55.5,0.04,0.196809,7109.0
LPV,600-700,PL,50k-1L,282,2.09,2.09,0.01,0.007415,64071.0
LPV,600-700,PL,1L-2L,282,1.56,1.56,0.02,0.005516,128289.0
LPV,600-700,PL,2L-3L,282,1.0,1.0,0.03,0.003546,251758.0
LPV,600-700,PL,3L-4L,282,1.0,1.0,0.03,0.003546,300000.0
LPV,600-700,PL,4L-5L,282,1.0,1.0,0.04,0.003546,434732.0
LPV,600-700,PL,5L+,282,1.0,1.0,0.08,0.003546,770441.0
LPV,600-700,GL,0-50k,282,5.92,8.33,0.02,0.029551,24050.0
LPV,600-700,GL,50k-1L,282,3.0,3.09,0.02,0.010961,69497.0
LPV,600-700,GL,1L-2L,282,3.45,4.18,0.06,0.014829,144870.0
LPV,600-700,GL,2L-3L,282,1.43,1.43,0.03,0.005066,237150.0
LPV,600-700,GL,3L-4L,282,2.0,2.0,0.07,0.007092,325022.0
LPV,600-700,GL,4L-5L,282,1.0,1.0,0.04,0.003546,418500.0
LPV,600-700,GL,5L+,282,1.5,1.5,0.1,0.005319,665667.0
LPV,600-700,BL,0-50k,282,1.57,2.86,0.0,0.010132,8335.0
LPV,600-700,BL,50k-1L,282,1.25,1.5,0.01,0.005319,64767.0
LPV,600-700,BL,1L-2L,282,1.33,1.33,0.01,0.004728,106960.0
LPV,600-700,BL,2L-3L,282,0,0,0.0,0.0,0.0
LPV,600-700,BL,3L-4L,282,1.0,1.0,0.03,0.003546,341200.0
LPV,600-700,BL,4L-5L,282,0,0,0.0,0.0,0.0
LPV,600-700,BL,5L+,282,1.0,1.0,0.08,0.003546,816667.0
3WT,600-700,PL,0-50k,259,14.67,27.25,0.02,0.105212,8946.0
3WT,600-700,PL,50k-1L,259,1.55,1.64,0.01,0.006318,62552.0
3WT,600-700,PL,1L-2L,259,1.29,1.29,0.02,0.004964,130536.0
3WT,600-700,PL,2L-3L,259,1.2,1.2,0.03,0.004633,227516.0
3WT,600-700,PL,3L-4L,259,1.0,1.0,0.03,0.003861,311630.0
3WT,600-700,PL,4L-5L,259,0,0,0.0,0.0,0.0
3WT,600-700,PL,5L+,259,0,0,0.0,0.0,0.0
3WT,600-700,GL,0-50k,259,5.17,7.25,0.02,0.027992,24158.0
3WT,600-700,GL,50k-1L,259,2.45,2.73,0.02,0.01053,70688.0
3WT,600-700,GL,1L-2L,259,2.12,2.12,0.03,0.008205,127529.0
3WT,600-700,GL,2L-3L,259,1.0,2.5,0.07,0.009653,260409.0
3WT,600-700,GL,3L-4L,259,1.2,1.4,0.05,0.005405,330162.0
3WT,600-700,GL,4L-5L,259,1.0,1.0,0.05,0.003861,499000.0
3WT,600-700,GL,5L+,259,1.2,1.2,0.09,0.004633,734167.0
3WT,600-700,BL,0-50k,259,1.43,1.57,0.0,0.006067,22982.0
3WT,600-700,BL,50k-1L,259,1.25,1.25,0.01,0.004826,73800.0
3WT,600-700,BL,1L-2L,259,1.0,1.0,0.01,0.003861,125000.0
3WT,600-700,BL,2L-3L,259,1.33,1.33,0.03,0.005148,205000.0
3WT,600-700,BL,3L-4L,259,0,0,0.0,0.0,0.0
3WT,600-700,BL,4L-5L,259,0,0,0.0,0.0,0.0
3WT,600-700,BL,5L+,259,0,0,0.0,0.0,0.0
LGV,500-600,PL,0-50k,257,6.58,12.58,0.01,0.048962,4660.0
LGV,500-600,PL,50k-1L,257,0,0,0.0,0.0,0.0
LGV,500-600,PL,1L-2L,257,1.0,1.0,0.01,0.003891,128307.0
LGV,500-600,PL,2L-3L,257,1.0,1.0,0.02,0.003891,225736.0
LGV,500-600,PL,3L-4L,257,1.0,1.0,0.04,0.003891,356039.0
LGV,500-600,PL,4L-5L,257,0,0,0.0,0.0,0.0
LGV,500-600,PL,5L+,257,1.0,1.0,0.05,0.003891,520974.0
LGV,500-600,GL,0-50k,257,4.83,6.83,0.01,0.026589,21806.0
LGV,500-600,GL,50k-1L,257,2.45,2.55,0.02,0.009904,70966.0
LGV,500-600,GL,1L-2L,257,1.6,1.8,0.02,0.007004,130572.0
LGV,500-600,GL,2L-3L,257,1.2,1.4,0.03,0.005447,239634.0
LGV,500-600,GL,3L-4L,257,1.0,1.0,0.04,0.003891,361500.0
LGV,500-600,GL,4L-5L,257,1.0,1.0,0.04,0.003891,436500.0
LGV,500-600,GL,5L+,257,1.0,1.0,0.13,0.003891,1327500.0
LGV,500-600,BL,0-50k,257,1.33,1.67,0.0,0.006485,11300.0
LGV,500-600,BL,50k-1L,257,1.0,1.0,0.01,0.003891,75000.0
LGV,500-600,BL,1L-2L,257,1.0,1.0,0.01,0.003891,143750.0
LGV,500-600,BL,2L-3L,257,1.0,1.0,0.02,0.003891,200000.0
LGV,500-600,BL,3L-4L,257,0,0,0.0,0.0,0.0
LGV,500-600,BL,4L-5L,257,0,0,0.0,0.0,0.0
LGV,500-600,BL,5L+,257,1.0,1.0,0.06,0.003891,646120.0
LGV,800+,PL,0-50k,208,1.25,1.25,0.0,0.00601,9723.0
LGV,800+,PL,50k-1L,208,0,0,0.0,0.0,0.0
LGV,800+,PL,1L-2L,208,0,0,0.0,0.0,0.0
LGV,800+,PL,2L-3L,208,0,0,0.0,0.0,0.0
LGV,800+,PL,3L-4L,208,0,0,0.0,0.0,0.0
LGV,800+,PL,4L-5L,208,0,0,0.0,0.0,0.0
LGV,800+,PL,5L+,208,0,0,0.0,0.0,0.0
LGV,800+,GL,0-50k,208,1.0,1.0,0.0,0.004808,32676.0
LGV,800+,GL,50k-1L,208,1.0,1.5,0.01,0.007212,71333.0
LGV,800+,GL,1L-2L,208,1.0,1.25,0.02,0.00601,135400.0
LGV,800+,GL,2L-3L,208,1.0,2.0,0.04,0.009615,200052.0
LGV,800+,GL,3L-4L,208,0,0,0.0,0.0,0.0
LGV,800+,GL,4L-5L,208,1.0,1.0,0.04,0.004808,410000.0
LGV,800+,GL,5L+,208,1.0,1.0,0.08,0.004808,817500.0
LGV,800+,BL,0-50k,208,1.0,1.0,0.0,0.004808,12019.0
LGV,800+,BL,50k-1L,208,0,0,0.0,0.0,0.0
LGV,800+,BL,1L-2L,208,0,0,0.0,0.0,0.0
LGV,800+,BL,2L-3L,208,0,0,0.0,0.0,0.0
LGV,800+,BL,3L-4L,208,0,0,0.0,0.0,0.0
LGV,800+,BL,4L-5L,208,0,0,0.0,0.0,0.0
LGV,800+,BL,5L+,208,0,0,0.0,0.0,0.0
3WT,500-600,PL,0-50k,193,7.75,30.0,0.01,0.15544,4508.0
3WT,500-600,PL,50k-1L,193,1.0,1.0,0.01,0.005181,63483.0
3WT,500-600,PL,1L-2L,193,1.0,1.0,0.01,0.005181,125000.0
3WT,500-600,PL,2L-3L,193,1.0,1.0,0.02,0.005181,200000.0
3WT,500-600,PL,3L-4L,193,1.0,1.0,0.03,0.005181,327884.0
3WT,500-600,PL,4L-5L,193,1.0,1.0,0.05,0.005181,455000.0
3WT,500-600,PL,5L+,193,1.0,1.0,0.06,0.005181,611733.0
3WT,500-600,GL,0-50k,193,5.92,13.83,0.02,0.071675,15639.0
3WT,500-600,GL,50k-1L,193,2.0,2.14,0.02,0.011103,73194.0
3WT,500-600,GL,1L-2L,193,1.5,1.5,0.02,0.007772,148158.0
3WT,500-600,GL,2L-3L,193,1.14,1.71,0.04,0.008882,244025.0
3WT,500-600,GL,3L-4L,193,1.0,1.0,0.03,0.005181,307500.0
3WT,500-600,GL,4L-5L,193,0,0,0.0,0.0,0.0
3WT,500-600,GL,5L+,193,1.0,1.0,0.05,0.005181,512000.0
3WT,500-600,BL,0-50k,193,1.67,1.67,0.0,0.008636,29000.0
3WT,500-600,BL,50k-1L,193,1.0,1.0,0.01,0.005181,55000.0
3WT,500-600,BL,1L-2L,193,1.0,1.0,0.02,0.005181,160000.0
3WT,500-600,BL,2L-3L,193,0,0,0.0,0.0,0.0
3WT,500-600,BL,3L-4L,193,0,0,0.0,0.0,0.0
3WT,500-600,BL,4L-5L,193,0,0,0.0,0.0,0.0
3WT,500-600,BL,5L+,193,0,0,0.0,0.0,0.0
LPV,500-600,PL,0-50k,176,12.67,36.5,0.02,0.207386,5590.0
LPV,500-600,PL,50k-1L,176,1.12,1.12,0.01,0.006392,66216.0
LPV,500-600,PL,1L-2L,176,1.0,1.0,0.01,0.005682,131922.0
LPV,500-600,PL,2L-3L,176,3.0,3.0,0.07,0.017045,231404.0
LPV,500-600,PL,3L-4L,176,1.0,1.0,0.03,0.005682,300000.0
LPV,500-600,PL,4L-5L,176,0,0,0.0,0.0,0.0
LPV,500-600,PL,5L+,176,1.0,1.0,0.07,0.005682,726967.0
LPV,500-600,GL,0-50k,176,5.0,16.25,0.03,0.09233,16458.0
LPV,500-600,GL,50k-1L,176,1.5,2.2,0.01,0.0125,65799.0
LPV,500-600,GL,1L-2L,176,2.22,2.44,0.03,0.013889,132506.0
LPV,500-600,GL,2L-3L,176,1.33,2.11,0.05,0.011995,222993.0
LPV,500-600,GL,3L-4L,176,2.0,2.0,0.06,0.011364,312400.0
LPV,500-600,GL,4L-5L,176,1.0,1.0,0.04,0.005682,412799.0
LPV,500-600,GL,5L+,176,1.0,1.0,0.08,0.005682,834000.0
LPV,500-600,BL,0-50k,176,0,0,0.0,0.0,0.0
LPV,500-600,BL,50k-1L,176,1.0,1.0,0.01,0.005682,50000.0
LPV,500-600,BL,1L-2L,176,1.0,1.0,0.01,0.005682,100000.0
LPV,500-600,BL,2L-3L,176,1.0,1.0,0.02,0.005682,247000.0
LPV,500-600,BL,3L-4L,176,0,0,0.0,0.0,0.0
LPV,500-600,BL,4L-5L,176,0,0,0.0,0.0,0.0
LPV,500-600,BL,5L+,176,0,0,0.0,0.0,0.0
3WT,800+,PL,0-50k,161,1.0,1.0,0.0,0.006211,500.0
3WT,800+,PL,50k-1L,161,0,0,0.0,0.0,0.0
3WT,800+,PL,1L-2L,161,0,0,0.0,0.0,0.0
3WT,800+,PL,2L-3L,161,0,0,0.0,0.0,0.0
3WT,800+,PL,3L-4L,161,0,0,0.0,0.0,0.0
3WT,800+,PL,4L-5L,161,0,0,0.0,0.0,0.0
3WT,800+,PL,5L+,161,1.0,1.0,0.06,0.006211,617412.0
3WT,800+,GL,0-50k,161,1.0,1.0,0.0,0.006211,27030.0
3WT,800+,GL,50k-1L,161,1.0,1.0,0.01,0.006211,90000.0
3WT,800+,GL,1L-2L,161,1.0,1.0,0.01,0.006211,136667.0
3WT,800+,GL,2L-3L,161,1.0,1.0,0.02,0.006211,236543.0
3WT,800+,GL,3L-4L,161,0,0,0.0,0.0,0.0
3WT,800+,GL,4L-5L,161,0,0,0.0,0.0,0.0
3WT,800+,GL,5L+,161,0,0,0.0,0.0,0.0
3WT,800+,BL,0-50k,161,0,0,0.0,0.0,0.0
3WT,800+,BL,50k-1L,161,0,0,0.0,0.0,0.0
3WT,800+,BL,1L-2L,161,0,0,0.0,0.0,0.0
3WT,800+,BL,2L-3L,161,0,0,0.0,0.0,0.0
3WT,800+,BL,3L-4L,161,0,0,0.0,0.0,0.0
3WT,800+,BL,4L-5L,161,0,0,0.0,0.0,0.0
3WT,800+,BL,5L+,161,0,0,0.0,0.0,0.0
LPV,800+,PL,0-50k,126,1.0,1.0,0.0,0.007937,41808.0
LPV,800+,PL,50k-1L,126,1.0,1.0,0.01,0.007937,50000.0
LPV,800+,PL,1L-2L,126,1.0,1.0,0.01,0.007937,100000.0
LPV,800+,PL,2L-3L,126,1.0,1.0,0.02,0.007937,230000.0
LPV,800+,PL,3L-4L,126,1.0,1.0,0.03,0.007937,300000.0
LPV,800+,PL,4L-5L,126,0,0,0.0,0.0,0.0
LPV,800+,PL,5L+,126,0,0,0.0,0.0,0.0
LPV,800+,GL,0-50k,126,1.0,1.0,0.0,0.007937,38628.0
LPV,800+,GL,50k-1L,126,1.0,1.0,0.01,0.007937,67512.0
LPV,800+,GL,1L-2L,126,0,0,0.0,0.0,0.0
LPV,800+,GL,2L-3L,126,0,0,0.0,0.0,0.0
LPV,800+,GL,3L-4L,126,1.0,1.0,0.03,0.007937,304491.0
LPV,800+,GL,4L-5L,126,0,0,0.0,0.0,0.0
LPV,800+,GL,5L+,126,0,0,0.0,0.0,0.0
LPV,800+,BL,0-50k,126,0,0,0.0,0.0,0.0
LPV,800+,BL,50k-1L,126,0,0,0.0,0.0,0.0
LPV,800+,BL,1L-2L,126,0,0,0.0,0.0,0.0
LPV,800+,BL,2L-3L,126,0,0,0.0,0.0,0.0
LPV,800+,BL,3L-4L,126,0,0,0.0,0.0,0.0
LPV,800+,BL,4L-5L,126,0,0,0.0,0.0,0.0
LPV,800+,BL,5L+,126,0,0,0.0,0.0,0.0
3WT,<500,PL,0-50k,86,3.17,6.17,0.0,0.071705,4242.0
3WT,<500,PL,50k-1L,86,0,0,0.0,0.0,0.0
3WT,<500,PL,1L-2L,86,1.0,1.0,0.01,0.011628,100000.0
3WT,<500,PL,2L-3L,86,0,0,0.0,0.0,0.0
3WT,<500,PL,3L-4L,86,0,0,0.0,0.0,0.0
3WT,<500,PL,4L-5L,86,0,0,0.0,0.0,0.0
3WT,<500,PL,5L+,86,0,0,0.0,0.0,0.0
3WT,<500,GL,0-50k,86,1.89,3.33,0.01,0.03876,21022.0
3WT,<500,GL,50k-1L,86,1.5,2.17,0.02,0.025194,73363.0
3WT,<500,GL,1L-2L,86,1.0,1.0,0.02,0.011628,166404.0
3WT,<500,GL,2L-3L,86,2.0,2.0,0.05,0.023256,240000.0
3WT,<500,GL,3L-4L,86,0,0,0.0,0.0,0.0
3WT,<500,GL,4L-5L,86,0,0,0.0,0.0,0.0
3WT,<500,GL,5L+,86,0,0,0.0,0.0,0.0
3WT,<500,BL,0-50k,86,2.0,2.0,0.0,0.023256,15000.0
3WT,<500,BL,50k-1L,86,1.0,2.0,0.01,0.023256,50000.0
3WT,<500,BL,1L-2L,86,0,0,0.0,0.0,0.0
3WT,<500,BL,2L-3L,86,0,0,0.0,0.0,0.0
3WT,<500,BL,3L-4L,86,0,0,0.0,0.0,0.0
3WT,<500,BL,4L-5L,86,0,0,0.0,0.0,0.0
3WT,<500,BL,5L+,86,0,0,0.0,0.0,0.0
LGV,<500,PL,0-50k,83,2.75,9.25,0.0,0.111446,3558.0
LGV,<500,PL,50k-1L,83,0,0,0.0,0.0,0.0
LGV,<500,PL,1L-2L,83,0,0,0.0,0.0,0.0
LGV,<500,PL,2L-3L,83,0,0,0.0,0.0,0.0
LGV,<500,PL,3L-4L,83,0,0,0.0,0.0,0.0
LGV,<500,PL,4L-5L,83,0,0,0.0,0.0,0.0
LGV,<500,PL,5L+,83,0,0,0.0,0.0,0.0
LGV,<500,GL,0-50k,83,2.25,6.62,0.01,0.079819,15268.0
LGV,<500,GL,50k-1L,83,1.17,1.5,0.01,0.018072,70355.0
LGV,<500,GL,1L-2L,83,1.25,1.75,0.03,0.021084,143900.0
LGV,<500,GL,2L-3L,83,1.0,1.0,0.02,0.012048,249000.0
LGV,<500,GL,3L-4L,83,1.0,1.0,0.03,0.012048,335251.0
LGV,<500,GL,4L-5L,83,0,0,0.0,0.0,0.0
LGV,<500,GL,5L+,83,0,0,0.0,0.0,0.0
LGV,<500,BL,0-50k,83,0,0,0.0,0.0,0.0
LGV,<500,BL,50k-1L,83,0,0,0.0,0.0,0.0
LGV,<500,BL,1L-2L,83,0,0,0.0,0.0,0.0
LGV,<500,BL,2L-3L,83,0,0,0.0,0.0,0.0
LGV,<500,BL,3L-4L,83,0,0,0.0,0.0,0.0
LGV,<500,BL,4L-5L,83,0,0,0.0,0.0,0.0
LGV,<500,BL,5L+,83,0,0,0.0,0.0,0.0
LPV,<500,PL,0-50k,78,2.73,3.64,0.0,0.04662,4505.0
LPV,<500,PL,50k-1L,78,1.0,1.0,0.01,0.012821,60000.0
LPV,<500,PL,1L-2L,78,1.0,1.0,0.01,0.012821,100000.0
LPV,<500,PL,2L-3L,78,0,0,0.0,0.0,0.0
LPV,<500,PL,3L-4L,78,0,0,0.0,0.0,0.0
LPV,<500,PL,4L-5L,78,0,0,0.0,0.0,0.0
LPV,<500,PL,5L+,78,0,0,0.0,0.0,0.0
LPV,<500,GL,0-50k,78,2.09,3.18,0.01,0.040793,23277.0
LPV,<500,GL,50k-1L,78,1.0,1.0,0.01,0.012821,61602.0
LPV,<500,GL,1L-2L,78,1.33,1.33,0.02,0.017094,134102.0
LPV,<500,GL,2L-3L,78,1.0,1.0,0.02,0.012821,249018.0
LPV,<500,GL,3L-4L,78,1.0,1.0,0.03,0.012821,324750.0
LPV,<500,GL,4L-5L,78,0,0,0.0,0.0,0.0
LPV,<500,GL,5L+,78,1.0,1.0,0.06,0.012821,553282.0
LPV,<500,BL,0-50k,78,0,0,0.0,0.0,0.0
LPV,<500,BL,50k-1L,78,0,0,0.0,0.0,0.0
LPV,<500,BL,1L-2L,78,0,0,0.0,0.0,0.0
LPV,<500,BL,2L-3L,78,1.0,1.0,0.02,0.012821,200000.0
LPV,<500,BL,3L-4L,78,0,0,0.0,0.0,0.0
LPV,<500,BL,4L-5L,78,0,0,0.0,0.0,0.0
LPV,<500,BL,5L+,78,0,0,0.0,0.0,0.0
3WT,No score,PL,0-50k,45,0,0,0.0,0.0,0.0
3WT,No score,PL,50k-1L,45,0,0,0.0,0.0,0.0
3WT,No score,PL,1L-2L,45,0,0,0.0,0.0,0.0
3WT,No score,PL,2L-3L,45,0,0,0.0,0.0,0.0
3WT,No score,PL,3L-4L,45,0,0,0.0,0.0,0.0
3WT,No score,PL,4L-5L,45,0,0,0.0,0.0,0.0
3WT,No score,PL,5L+,45,0,0,0.0,0.0,0.0
3WT,No score,GL,0-50k,45,0,0,0.0,0.0,0.0
3WT,No score,GL,50k-1L,45,0,0,0.0,0.0,0.0
3WT,No score,GL,1L-2L,45,0,0,0.0,0.0,0.0
3WT,No score,GL,2L-3L,45,0,0,0.0,0.0,0.0
3WT,No score,GL,3L-4L,45,0,0,0.0,0.0,0.0
3WT,No score,GL,4L-5L,45,0,0,0.0,0.0,0.0
3WT,No score,GL,5L+,45,0,0,0.0,0.0,0.0
3WT,No score,BL,0-50k,45,0,0,0.0,0.0,0.0
3WT,No score,BL,50k-1L,45,0,0,0.0,0.0,0.0
3WT,No score,BL,1L-2L,45,0,0,0.0,0.0,0.0
3WT,No score,BL,2L-3L,45,0,0,0.0,0.0,0.0
3WT,No score,BL,3L-4L,45,0,0,0.0,0.0,0.0
3WT,No score,BL,4L-5L,45,0,0,0.0,0.0,0.0
3WT,No score,BL,5L+,45,0,0,0.0,0.0,0.0
COMMERCIAL,700-800,PL,0-50k,39,1.5,2.0,0.0,0.051282,11137.0
COMMERCIAL,700-800,PL,50k-1L,39,1.0,1.0,0.01,0.025641,68000.0
COMMERCIAL,700-800,PL,1L-2L,39,1.0,1.0,0.01,0.025641,100000.0
COMMERCIAL,700-800,PL,2L-3L,39,1.0,1.0,0.02,0.025641,200000.0
COMMERCIAL,700-800,PL,3L-4L,39,0,0,0.0,0.0,0.0
COMMERCIAL,700-800,PL,4L-5L,39,0,0,0.0,0.0,0.0
COMMERCIAL,700-800,PL,5L+,39,1.0,1.0,0.13,0.025641,1310000.0
COMMERCIAL,700-800,GL,0-50k,39,0,0,0.0,0.0,0.0
COMMERCIAL,700-800,GL,50k-1L,39,1.0,1.0,0.01,0.025641,75089.0
COMMERCIAL,700-800,GL,1L-2L,39,0,0,0.0,0.0,0.0
COMMERCIAL,700-800,GL,2L-3L,39,1.0,1.0,0.02,0.025641,240000.0
COMMERCIAL,700-800,GL,3L-4L,39,0,0,0.0,0.0,0.0
COMMERCIAL,700-800,GL,4L-5L,39,0,0,0.0,0.0,0.0
COMMERCIAL,700-800,GL,5L+,39,0,0,0.0,0.0,0.0
COMMERCIAL,700-800,BL,0-50k,39,0,0,0.0,0.0,0.0
COMMERCIAL,700-800,BL,50k-1L,39,0,0,0.0,0.0,0.0
COMMERCIAL,700-800,BL,1L-2L,39,0,0,0.0,0.0,0.0
COMMERCIAL,700-800,BL,2L-3L,39,1.0,1.0,0.02,0.025641,200850.0
COMMERCIAL,700-800,BL,3L-4L,39,1.0,1.0,0.03,0.025641,302018.0
COMMERCIAL,700-800,BL,4L-5L,39,0,0,0.0,0.0,0.0
COMMERCIAL,700-800,BL,5L+,39,0,0,0.0,0.0,0.0
LGV,No score,PL,0-50k,37,0,0,0.0,0.0,0.0
LGV,No score,PL,50k-1L,37,0,0,0.0,0.0,0.0
LGV,No score,PL,1L-2L,37,0,0,0.0,0.0,0.0
LGV,No score,PL,2L-3L,37,0,0,0.0,0.0,0.0
LGV,No score,PL,3L-4L,37,0,0,0.0,0.0,0.0
LGV,No score,PL,4L-5L,37,0,0,0.0,0.0,0.0
LGV,No score,PL,5L+,37,0,0,0.0,0.0,0.0
LGV,No score,GL,0-50k,37,0,0,0.0,0.0,0.0
LGV,No score,GL,50k-1L,37,0,0,0.0,0.0,0.0
LGV,No score,GL,1L-2L,37,0,0,0.0,0.0,0.0
LGV,No score,GL,2L-3L,37,0,0,0.0,0.0,0.0
LGV,No score,GL,3L-4L,37,0,0,0.0,0.0,0.0
LGV,No score,GL,4L-5L,37,0,0,0.0,0.0,0.0
LGV,No score,GL,5L+,37,0,0,0.0,0.0,0.0
LGV,No score,BL,0-50k,37,0,0,0.0,0.0,0.0
LGV,No score,BL,50k-1L,37,0,0,0.0,0.0,0.0
LGV,No score,BL,1L-2L,37,0,0,0.0,0.0,0.0
LGV,No score,BL,2L-3L,37,0,0,0.0,0.0,0.0
LGV,No score,BL,3L-4L,37,0,0,0.0,0.0,0.0
LGV,No score,BL,4L-5L,37,0,0,0.0,0.0,0.0
LGV,No score,BL,5L+,37,0,0,0.0,0.0,0.0
LPV,No score,PL,0-50k,20,0,0,0.0,0.0,0.0
LPV,No score,PL,50k-1L,20,0,0,0.0,0.0,0.0
LPV,No score,PL,1L-2L,20,0,0,0.0,0.0,0.0
LPV,No score,PL,2L-3L,20,0,0,0.0,0.0,0.0
LPV,No score,PL,3L-4L,20,0,0,0.0,0.0,0.0
LPV,No score,PL,4L-5L,20,0,0,0.0,0.0,0.0
LPV,No score,PL,5L+,20,0,0,0.0,0.0,0.0
LPV,No score,GL,0-50k,20,0,0,0.0,0.0,0.0
LPV,No score,GL,50k-1L,20,0,0,0.0,0.0,0.0
LPV,No score,GL,1L-2L,20,0,0,0.0,0.0,0.0
LPV,No score,GL,2L-3L,20,1.0,1.0,0.02,0.05,200000.0
LPV,No score,GL,3L-4L,20,0,0,0.0,0.0,0.0
LPV,No score,GL,4L-5L,20,0,0,0.0,0.0,0.0
LPV,No score,GL,5L+,20,0,0,0.0,0.0,0.0
LPV,No score,BL,0-50k,20,0,0,0.0,0.0,0.0
LPV,No score,BL,50k-1L,20,0,0,0.0,0.0,0.0
LPV,No score,BL,1L-2L,20,0,0,0.0,0.0,0.0
LPV,No score,BL,2L-3L,20,0,0,0.0,0.0,0.0
LPV,No score,BL,3L-4L,20,0,0,0.0,0.0,0.0
LPV,No score,BL,4L-5L,20,0,0,0.0,0.0,0.0
LPV,No score,BL,5L+,20,0,0,0.0,0.0,0.0
COMMERCIAL,600-700,PL,0-50k,9,0,0,0.0,0.0,0.0
COMMERCIAL,600-700,PL,50k-1L,9,1.0,1.0,0.01,0.111111,56882.0
COMMERCIAL,600-700,PL,1L-2L,9,1.0,1.0,0.01,0.111111,106262.0
COMMERCIAL,600-700,PL,2L-3L,9,0,0,0.0,0.0,0.0
COMMERCIAL,600-700,PL,3L-4L,9,0,0,0.0,0.0,0.0
COMMERCIAL,600-700,PL,4L-5L,9,0,0,0.0,0.0,0.0
COMMERCIAL,600-700,PL,5L+,9,0,0,0.0,0.0,0.0
COMMERCIAL,600-700,GL,0-50k,9,0,0,0.0,0.0,0.0
COMMERCIAL,600-700,GL,50k-1L,9,0,0,0.0,0.0,0.0
COMMERCIAL,600-700,GL,1L-2L,9,0,0,0.0,0.0,0.0
COMMERCIAL,600-700,GL,2L-3L,9,0,0,0.0,0.0,0.0
COMMERCIAL,600-700,GL,3L-4L,9,0,0,0.0,0.0,0.0
COMMERCIAL,600-700,GL,4L-5L,9,0,0,0.0,0.0,0.0
COMMERCIAL,600-700,GL,5L+,9,0,0,0.0,0.0,0.0
COMMERCIAL,600-700,BL,0-50k,9,0,0,0.0,0.0,0.0
COMMERCIAL,600-700,BL,50k-1L,9,0,0,0.0,0.0,0.0
COMMERCIAL,600-700,BL,1L-2L,9,1.0,1.0,0.02,0.111111,190000.0
COMMERCIAL,600-700,BL,2L-3L,9,0,0,0.0,0.0,0.0
COMMERCIAL,600-700,BL,3L-4L,9,0,0,0.0,0.0,0.0
COMMERCIAL,600-700,BL,4L-5L,9,0,0,0.0,0.0,0.0
COMMERCIAL,600-700,BL,5L+,9,0,0,0.0,0.0,0.0
COMMERCIAL,500-600,PL,0-50k,4,1.0,1.25,0.0,0.3125,1300.0
COMMERCIAL,500-600,PL,50k-1L,4,0,0,0.0,0.0,0.0
COMMERCIAL,500-600,PL,1L-2L,4,0,0,0.0,0.0,0.0
COMMERCIAL,500-600,PL,2L-3L,4,0,0,0.0,0.0,0.0
COMMERCIAL,500-600,PL,3L-4L,4,0,0,0.0,0.0,0.0
COMMERCIAL,500-600,PL,4L-5L,4,0,0,0.0,0.0,0.0
COMMERCIAL,500-600,PL,5L+,4,0,0,0.0,0.0,0.0
COMMERCIAL,500-600,GL,0-50k,4,0,0,0.0,0.0,0.0
COMMERCIAL,500-600,GL,50k-1L,4,0,0,0.0,0.0,0.0
COMMERCIAL,500-600,GL,1L-2L,4,1.0,1.0,0.02,0.25,190440.0
COMMERCIAL,500-600,GL,2L-3L,4,1.0,1.0,0.02,0.25,200544.0
COMMERCIAL,500-600,GL,3L-4L,4,0,0,0.0,0.0,0.0
COMMERCIAL,500-600,GL,4L-5L,4,0,0,0.0,0.0,0.0
COMMERCIAL,500-600,GL,5L+,4,0,0,0.0,0.0,0.0
COMMERCIAL,500-600,BL,0-50k,4,0,0,0.0,0.0,0.0
COMMERCIAL,500-600,BL,50k-1L,4,0,0,0.0,0.0,0.0
COMMERCIAL,500-600,BL,1L-2L,4,0,0,0.0,0.0,0.0
COMMERCIAL,500-600,BL,2L-3L,4,0,0,0.0,0.0,0.0
COMMERCIAL,500-600,BL,3L-4L,4,0,0,0.0,0.0,0.0
COMMERCIAL,500-600,BL,4L-5L,4,0,0,0.0,0.0,0.0
COMMERCIAL,500-600,BL,5L+,4,0,0,0.0,0.0,0.0
COMMERCIAL,800+,PL,0-50k,4,0,0,0.0,0.0,0.0
COMMERCIAL,800+,PL,50k-1L,4,0,0,0.0,0.0,0.0
COMMERCIAL,800+,PL,1L-2L,4,0,0,0.0,0.0,0.0
COMMERCIAL,800+,PL,2L-3L,4,1.0,1.0,0.02,0.25,200814.0
COMMERCIAL,800+,PL,3L-4L,4,0,0,0.0,0.0,0.0
COMMERCIAL,800+,PL,4L-5L,4,0,0,0.0,0.0,0.0
COMMERCIAL,800+,PL,5L+,4,0,0,0.0,0.0,0.0
COMMERCIAL,800+,GL,0-50k,4,0,0,0.0,0.0,0.0
COMMERCIAL,800+,GL,50k-1L,4,0,0,0.0,0.0,0.0
COMMERCIAL,800+,GL,1L-2L,4,0,0,0.0,0.0,0.0
COMMERCIAL,800+,GL,2L-3L,4,0,0,0.0,0.0,0.0
COMMERCIAL,800+,GL,3L-4L,4,0,0,0.0,0.0,0.0
COMMERCIAL,800+,GL,4L-5L,4,0,0,0.0,0.0,0.0
COMMERCIAL,800+,GL,5L+,4,0,0,0.0,0.0,0.0
COMMERCIAL,800+,BL,0-50k,4,0,0,0.0,0.0,0.0
COMMERCIAL,800+,BL,50k-1L,4,0,0,0.0,0.0,0.0
COMMERCIAL,800+,BL,1L-2L,4,0,0,0.0,0.0,0.0
COMMERCIAL,800+,BL,2L-3L,4,0,0,0.0,0.0,0.0
COMMERCIAL,800+,BL,3L-4L,4,0,0,0.0,0.0,0.0
COMMERCIAL,800+,BL,4L-5L,4,0,0,0.0,0.0,0.0
COMMERCIAL,800+,BL,5L+,4,0,0,0.0,0.0,0.0
COMMERCIAL,<500,PL,0-50k,4,0,0,0.0,0.0,0.0
COMMERCIAL,<500,PL,50k-1L,4,0,0,0.0,0.0,0.0
COMMERCIAL,<500,PL,1L-2L,4,0,0,0.0,0.0,0.0
COMMERCIAL,<500,PL,2L-3L,4,0,0,0.0,0.0,0.0
COMMERCIAL,<500,PL,3L-4L,4,0,0,0.0,0.0,0.0
COMMERCIAL,<500,PL,4L-5L,4,0,0,0.0,0.0,0.0
COMMERCIAL,<500,PL,5L+,4,0,0,0.0,0.0,0.0
COMMERCIAL,<500,GL,0-50k,4,0,0,0.0,0.0,0.0
COMMERCIAL,<500,GL,50k-1L,4,0,0,0.0,0.0,0.0
COMMERCIAL,<500,GL,1L-2L,4,0,0,0.0,0.0,0.0
COMMERCIAL,<500,GL,2L-3L,4,0,0,0.0,0.0,0.0
COMMERCIAL,<500,GL,3L-4L,4,0,0,0.0,0.0,0.0
COMMERCIAL,<500,GL,4L-5L,4,0,0,0.0,0.0,0.0
COMMERCIAL,<500,GL,5L+,4,0,0,0.0,0.0,0.0
COMMERCIAL,<500,BL,0-50k,4,0,0,0.0,0.0,0.0
COMMERCIAL,<500,BL,50k-1L,4,0,0,0.0,0.0,0.0
COMMERCIAL,<500,BL,1L-2L,4,0,0,0.0,0.0,0.0
COMMERCIAL,<500,BL,2L-3L,4,0,0,0.0,0.0,0.0
COMMERCIAL,<500,BL,3L-4L,4,0,0,0.0,0.0,0.0
COMMERCIAL,<500,BL,4L-5L,4,0,0,0.0,0.0,0.0
COMMERCIAL,<500,BL,5L+,4,0,0,0.0,0.0,0.0
COMMERCIAL,No score,PL,0-50k,1,0,0,0.0,0.0,0.0
COMMERCIAL,No score,PL,50k-1L,1,0,0,0.0,0.0,0.0
COMMERCIAL,No score,PL,1L-2L,1,0,0,0.0,0.0,0.0
COMMERCIAL,No score,PL,2L-3L,1,0,0,0.0,0.0,0.0
COMMERCIAL,No score,PL,3L-4L,1,0,0,0.0,0.0,0.0
COMMERCIAL,No score,PL,4L-5L,1,0,0,0.0,0.0,0.0
COMMERCIAL,No score,PL,5L+,1,0,0,0.0,0.0,0.0
COMMERCIAL,No score,GL,0-50k,1,0,0,0.0,0.0,0.0
COMMERCIAL,No score,GL,50k-1L,1,0,0,0.0,0.0,0.0
COMMERCIAL,No score,GL,1L-2L,1,0,0,0.0,0.0,0.0
COMMERCIAL,No score,GL,2L-3L,1,0,0,0.0,0.0,0.0
COMMERCIAL,No score,GL,3L-4L,1,0,0,0.0,0.0,0.0
COMMERCIAL,No score,GL,4L-5L,1,0,0,0.0,0.0,0.0
COMMERCIAL,No score,GL,5L+,1,0,0,0.0,0.0,0.0
COMMERCIAL,No score,BL,0-50k,1,0,0,0.0,0.0,0.0
COMMERCIAL,No score,BL,50k-1L,1,0,0,0.0,0.0,0.0
COMMERCIAL,No score,BL,1L-2L,1,0,0,0.0,0.0,0.0
COMMERCIAL,No score,BL,2L-3L,1,0,0,0.0,0.0,0.0
COMMERCIAL,No score,BL,3L-4L,1,0,0,0.0,0.0,0.0
COMMERCIAL,No score,BL,4L-5L,1,0,0,0.0,0.0,0.0
COMMERCIAL,No score,BL,5L+,1,0,0,0.0,0.0,0.0
